nptl_deallocate_tsd.c,__nptl_deallocate_tsd,mem-reg
pthread_cleanup_upto.c,__pthread_cleanup_upto,mem-reg
pthread_create.c,start_thread,mem-reg
pthread_create.c,start_thread,mem-reg
pthread_once.c,__pthread_cleanup_combined_routine_voidptr,mem-reg
pthread_once.c,__pthread_once_slow,mem-reg
pthread_once.c,__pthread_once_slow,mem-reg
unwind.c,unwind_stop,mem-reg
cleanup_routine.c,___pthread_cleanup_routine,mem-reg
cleanup_defer_compat.c,_pthread_cleanup_pop_restore,mem-reg
cleanup_compat.c,__pthread_cleanup_pop,mem-reg
nptl_deallocate_tsd.c,__nptl_deallocate_tsd,mem-reg
pthread_cleanup_upto.c,__pthread_cleanup_upto,mem-reg
pthread_create.c,start_thread,mem-reg
pthread_create.c,start_thread,mem-reg
pthread_once.c,__pthread_cleanup_combined_routine_voidptr,mem-reg
pthread_once.c,__pthread_once_slow,mem-reg
pthread_once.c,__pthread_once_slow,mem-reg
unwind.c,unwind_stop,mem-reg
aio_notify.c,notify_func_wrapper,mem-reg
../sysdeps/unix/sysv/linux/mq_notify.c,notification_function,mem-reg
../sysdeps/unix/sysv/linux/timer_routines.c,timer_sigev_thread,mem-reg
aio_notify.c,notify_func_wrapper,mem-reg
../sysdeps/unix/sysv/linux/mq_notify.c,notification_function,mem-reg
../sysdeps/unix/sysv/linux/timer_routines.c,timer_sigev_thread,mem-reg
obstack.c,_obstack_begin,mem-reg
obstack.c,_obstack_begin,mem-reg
obstack.c,_obstack_begin_1,mem-reg
obstack.c,_obstack_begin_1,mem-reg
obstack.c,_obstack_newchunk,mem-reg
obstack.c,_obstack_newchunk,mem-reg
obstack.c,_obstack_newchunk,mem-reg
obstack.c,_obstack_newchunk,mem-reg
obstack.c,_obstack_newchunk,mem-reg
obstack.c,obstack_free,mem-reg
obstack.c,obstack_free,mem-reg
obstack.c,_obstack_begin,mem-reg
obstack.c,_obstack_begin,mem-reg
obstack.c,_obstack_begin_1,mem-reg
obstack.c,_obstack_begin_1,mem-reg
obstack.c,_obstack_newchunk,mem-reg
obstack.c,_obstack_newchunk,mem-reg
obstack.c,_obstack_newchunk,mem-reg
obstack.c,_obstack_newchunk,mem-reg
obstack.c,_obstack_newchunk,mem-reg
obstack.c,obstack_free,mem-reg
obstack.c,obstack_free,mem-reg
set-freeres.c,__libc_freeres,mem-reg
btowc.c,__btowc,mem-reg
btowc.c,__btowc,mem-reg
mbrtoc16.c,mbrtoc16,mem-reg
mbrtowc.c,__mbrtowc,mem-reg
mbsnrtowcs.c,__mbsnrtowcs,mem-reg
mbsnrtowcs.c,__mbsnrtowcs,mem-reg
mbsrtowcs_l.c,__mbsrtowcs_l,mem-reg
mbsrtowcs_l.c,__mbsrtowcs_l,mem-reg
wcrtomb.c,__wcrtomb_internal,mem-reg
wcrtomb.c,__wcrtomb_internal,mem-reg
wcsnrtombs.c,__wcsnrtombs,mem-reg
wcsnrtombs.c,__wcsnrtombs,mem-reg
wcsrtombs.c,__wcsrtombs,mem-reg
wcsrtombs.c,__wcsrtombs,mem-reg
wctob.c,wctob,mem-reg
btowc.c,__btowc,mem-reg
btowc.c,__btowc,mem-reg
mbrtoc16.c,mbrtoc16,mem-reg
mbrtowc.c,__mbrtowc,mem-reg
mbsnrtowcs.c,__mbsnrtowcs,mem-reg
mbsnrtowcs.c,__mbsnrtowcs,mem-reg
mbsrtowcs_l.c,__mbsrtowcs_l,mem-reg
mbsrtowcs_l.c,__mbsrtowcs_l,mem-reg
wcrtomb.c,__wcrtomb_internal,mem-reg
wcrtomb.c,__wcrtomb_internal,mem-reg
wcsnrtombs.c,__wcsnrtombs,mem-reg
wcsnrtombs.c,__wcsnrtombs,mem-reg
wcsrtombs.c,__wcsrtombs,mem-reg
wcsrtombs.c,__wcsrtombs,mem-reg
wctob.c,wctob,mem-reg
mktime.c,convert_time,mem-reg
../sysdeps/unix/sysv/linux/x86/time.c,time,mem-reg
../sysdeps/unix/sysv/linux/x86/gettimeofday.c,__gettimeofday,mem-reg
../sysdeps/unix/sysv/linux/clock_gettime.c,__clock_gettime,mem-reg
../sysdeps/unix/sysv/linux/clock_getres.c,__clock_getres,mem-reg
mktime.c,convert_time,mem-reg
../sysdeps/unix/sysv/linux/clock_gettime.c,__clock_gettime,mem-reg
../sysdeps/unix/sysv/linux/clock_getres.c,__clock_getres,mem-reg
scandir64-tail.c,__scandir64_tail,mem-reg
scandir64-tail.c,__scandir64_tail,mem-reg
../sysdeps/unix/sysv/linux/glob.c,glob_lstat,mem-reg
../sysdeps/unix/sysv/linux/glob.c,is_dir,mem-reg
../sysdeps/unix/sysv/linux/glob.c,glob_in_dir,mem-reg
../sysdeps/unix/sysv/linux/glob.c,glob_in_dir,mem-reg
../sysdeps/unix/sysv/linux/glob.c,glob_in_dir,mem-reg
../sysdeps/unix/sysv/linux/glob.c,glob_in_dir,mem-reg
../sysdeps/unix/sysv/linux/glob-lstat-compat.c,glob_lstat,mem-reg
../sysdeps/unix/sysv/linux/glob-lstat-compat.c,is_dir,mem-reg
../sysdeps/unix/sysv/linux/glob-lstat-compat.c,glob_in_dir,mem-reg
../sysdeps/unix/sysv/linux/glob-lstat-compat.c,glob_in_dir,mem-reg
../sysdeps/unix/sysv/linux/glob-lstat-compat.c,glob_in_dir,mem-reg
../sysdeps/unix/sysv/linux/glob-lstat-compat.c,glob_in_dir,mem-reg
register-atfork.c,__run_prefork_handlers,mem-reg
register-atfork.c,__run_postfork_handlers,mem-reg
register-atfork.c,__run_postfork_handlers,mem-reg
../sysdeps/unix/sysv/linux/spawni.c,__spawni_child,mem-reg
../sysdeps/unix/sysv/linux/getcpu.c,__getcpu,mem-reg
regex.c,postorder,mem-reg
regex.c,preorder,mem-reg
../sysdeps/unix/sysv/linux/procutils.c,__libc_procutils_read_file,mem-reg
../sysdeps/unix/sysv/linux/sched_getcpu.c,vsyscall_sched_getcpu,mem-reg
../sysdeps/unix/sysv/linux/glob-lstat-compat.c,glob_lstat,mem-reg
../sysdeps/unix/sysv/linux/glob-lstat-compat.c,is_dir,mem-reg
../sysdeps/unix/sysv/linux/glob.c,glob_lstat,mem-reg
../sysdeps/unix/sysv/linux/glob.c,is_dir,mem-reg
../sysdeps/unix/sysv/linux/glob-lstat-compat.c,glob_in_dir,mem-reg
../sysdeps/unix/sysv/linux/glob-lstat-compat.c,glob_in_dir,mem-reg
../sysdeps/unix/sysv/linux/glob-lstat-compat.c,glob_in_dir,mem-reg
../sysdeps/unix/sysv/linux/glob-lstat-compat.c,glob_in_dir,mem-reg
../sysdeps/unix/sysv/linux/glob.c,glob_in_dir,mem-reg
../sysdeps/unix/sysv/linux/glob.c,glob_in_dir,mem-reg
../sysdeps/unix/sysv/linux/glob.c,glob_in_dir,mem-reg
../sysdeps/unix/sysv/linux/glob.c,glob_in_dir,mem-reg
register-atfork.c,__run_prefork_handlers,mem-reg
register-atfork.c,__run_postfork_handlers,mem-reg
register-atfork.c,__run_postfork_handlers,mem-reg
../sysdeps/unix/sysv/linux/spawni.c,maybe_script_execute,mem-reg
regex.c,postorder,mem-reg
../sysdeps/unix/sysv/linux/spawni.c,__spawni_child,mem-reg
regex.c,preorder,mem-reg
../sysdeps/unix/sysv/linux/getcpu.c,__getcpu,mem-reg
../sysdeps/unix/sysv/linux/procutils.c,__libc_procutils_read_file,mem-reg
../sysdeps/unix/sysv/linux/sched_getcpu.c,vsyscall_sched_getcpu,mem-reg
../sysdeps/wordsize-64/ftw.c,ftw_dir,mem-reg
../sysdeps/wordsize-64/ftw.c,ftw_dir,mem-reg
../sysdeps/wordsize-64/ftw.c,ftw_dir,mem-reg
../sysdeps/wordsize-64/ftw.c,process_entry,mem-reg
../sysdeps/wordsize-64/ftw.c,ftw_startup,mem-reg
../sysdeps/wordsize-64/ftw.c,ftw_startup,mem-reg
../sysdeps/wordsize-64/ftw.c,ftw_dir,mem-reg
../sysdeps/wordsize-64/ftw.c,ftw_dir,mem-reg
../sysdeps/wordsize-64/ftw.c,ftw_dir,mem-reg
../sysdeps/wordsize-64/ftw.c,process_entry,mem-reg
../sysdeps/wordsize-64/ftw.c,ftw_startup,mem-reg
../sysdeps/wordsize-64/ftw.c,ftw_startup,mem-reg
allocate_once.c,__libc_allocate_once_slow,mem-reg
allocate_once.c,__libc_allocate_once_slow,mem-reg
error.c,__error_internal,mem-reg
error.c,__error_at_line_internal,mem-reg
lsearch.c,lfind,mem-reg
tsearch.c,trecurse,mem-reg
tsearch.c,trecurse,mem-reg
tsearch.c,trecurse,mem-reg
tsearch.c,trecurse,mem-reg
tsearch.c,trecurse_r,mem-reg
tsearch.c,trecurse_r,mem-reg
tsearch.c,trecurse_r,mem-reg
tsearch.c,trecurse_r,mem-reg
tsearch.c,tdestroy_recurse,mem-reg
tsearch.c,__tsearch,mem-reg
tsearch.c,__tfind,mem-reg
tsearch.c,__tdelete,mem-reg
syslog.c,__vsyslog_internal,mem-reg
allocate_once.c,__libc_allocate_once_slow,mem-reg
allocate_once.c,__libc_allocate_once_slow,mem-reg
error.c,__error_internal,mem-reg
error.c,__error_at_line_internal,mem-reg
lsearch.c,lfind,mem-reg
tsearch.c,trecurse,mem-reg
tsearch.c,trecurse,mem-reg
tsearch.c,trecurse,mem-reg
tsearch.c,trecurse,mem-reg
tsearch.c,trecurse_r,mem-reg
tsearch.c,trecurse_r,mem-reg
tsearch.c,trecurse_r,mem-reg
tsearch.c,trecurse_r,mem-reg
tsearch.c,tdestroy_recurse,mem-reg
tsearch.c,__tsearch,mem-reg
tsearch.c,__tfind,mem-reg
tsearch.c,__tdelete,mem-reg
syslog.c,__vsyslog_internal,mem-reg
argp-parse.c,group_parse,mem-reg
argp-parse.c,argp_version_parser,mem-reg
argp-help.c,hol_entry_short_iterate,mem-reg
argp-parse.c,group_parse,mem-reg
argp-parse.c,argp_version_parser,mem-reg
argp-help.c,hol_entry_short_iterate,mem-reg
argp-help.c,filter_doc,mem-reg
argp-help.c,argp_doc,mem-reg
argp-help.c,argp_doc,mem-reg
argp-help.c,filter_doc,mem-reg
argp-help.c,argp_doc,mem-reg
argp-help.c,argp_doc,mem-reg
backtrace.c,backtrace_helper,mem-reg
backtrace.c,backtrace_helper,mem-reg
backtrace.c,__backtrace,mem-reg
idna.c,__idna_to_dns_encoding,mem-reg
idna.c,__idna_from_dns_encoding,mem-reg
idna.c,__idna_to_dns_encoding,mem-reg
idna.c,__idna_from_dns_encoding,mem-reg
gai_notify.c,notify_func_wrapper,mem-reg
gai_notify.c,notify_func_wrapper,mem-reg
getnssent.c,__nss_getent,mem-reg
getnssent_r.c,setup,mem-reg
getnssent_r.c,__nss_setent,mem-reg
getnssent_r.c,__nss_setent,mem-reg
getnssent_r.c,__nss_endent,mem-reg
getnssent_r.c,__nss_getent_r,mem-reg
getnssent_r.c,__nss_getent_r,mem-reg
getnssent_r.c,__nss_getent_r,mem-reg
nss_fgetent_r.c,__nss_fgetent_r,mem-reg
nss_module.c,module_load_builtin,mem-reg
ether_hton.c,ether_hostton,mem-reg
getaliasname_r.c,__getaliasbyname_r,mem-reg
ether_ntoh.c,ether_ntohost,mem-reg
getgrgid_r.c,__getgrgid_r,mem-reg
getgrnam_r.c,__getgrnam_r,mem-reg
initgroups.c,compat_call,mem-reg
initgroups.c,compat_call,mem-reg
initgroups.c,compat_call,mem-reg
initgroups.c,internal_getgrouplist,mem-reg
getsgnam_r.c,__getsgnam_r,mem-reg
gethstbyad_r.c,__gethostbyaddr_r,mem-reg
gethstbynm2_r.c,__gethostbyname2_r,mem-reg
gethstbynm_r.c,__gethostbyname_r,mem-reg
getaddrinfo.c,gethosts,mem-reg
getaddrinfo.c,getcanonname,mem-reg
getaddrinfo.c,get_nss_addresses,mem-reg
getnetgrent_r.c,endnetgrent_hook,mem-reg
getnetgrent_r.c,__internal_setnetgrent_reuse,mem-reg
getnetgrent_r.c,__internal_setnetgrent_reuse,mem-reg
getnetbyad_r.c,__getnetbyaddr_r,mem-reg
getnetgrent_r.c,__internal_getnetgrent_r,mem-reg
getnetgrent_r.c,innetgr,mem-reg
getnetgrent_r.c,innetgr,mem-reg
getnetgrent_r.c,innetgr,mem-reg
getnetbynm_r.c,__getnetbyname_r,mem-reg
getproto_r.c,__getprotobynumber_r,mem-reg
getprtname_r.c,__getprotobyname_r,mem-reg
getpwuid_r.c,__getpwuid_r,mem-reg
getpwnam_r.c,__getpwnam_r,mem-reg
getrpcbyname_r.c,__getrpcbyname_r,mem-reg
getrpcbynumber_r.c,__getrpcbynumber_r,mem-reg
getsrvbynm_r.c,__getservbyname_r,mem-reg
getsrvbypt_r.c,__getservbyport_r,mem-reg
getspnam_r.c,__getspnam_r,mem-reg
nss_files/files-init.c,register_file,mem-reg
getnssent.c,__nss_getent,mem-reg
getnssent_r.c,setup,mem-reg
getnssent_r.c,__nss_setent,mem-reg
getnssent_r.c,__nss_setent,mem-reg
getnssent_r.c,__nss_endent,mem-reg
getnssent_r.c,__nss_getent_r,mem-reg
getnssent_r.c,__nss_getent_r,mem-reg
getnssent_r.c,__nss_getent_r,mem-reg
nss_fgetent_r.c,__nss_fgetent_r,mem-reg
nss_module.c,module_load_builtin,mem-reg
nss_module.c,module_load,mem-reg
nss_module.c,__nss_disable_nscd,mem-reg
nss_module.c,__nss_disable_nscd,mem-reg
nss_module.c,__nss_disable_nscd,mem-reg
nss_module.c,__nss_disable_nscd,mem-reg
nss_module.c,__nss_disable_nscd,mem-reg
ether_ntoh.c,ether_ntohost,mem-reg
ether_hton.c,ether_hostton,mem-reg
getaliasname_r.c,__getaliasbyname_r,mem-reg
getgrgid_r.c,__getgrgid_r,mem-reg
initgroups.c,compat_call,mem-reg
initgroups.c,compat_call,mem-reg
initgroups.c,compat_call,mem-reg
initgroups.c,internal_getgrouplist,mem-reg
getgrnam_r.c,__getgrnam_r,mem-reg
getsgnam_r.c,__getsgnam_r,mem-reg
gethstbyad_r.c,__gethostbyaddr_r,mem-reg
gethstbynm2_r.c,__gethostbyname2_r,mem-reg
gethstbynm_r.c,__gethostbyname_r,mem-reg
getnetgrent_r.c,endnetgrent_hook,mem-reg
getnetgrent_r.c,__internal_setnetgrent_reuse,mem-reg
getnetgrent_r.c,__internal_setnetgrent_reuse,mem-reg
getaddrinfo.c,getcanonname,mem-reg
getaddrinfo.c,gethosts,mem-reg
getaddrinfo.c,get_nss_addresses,mem-reg
getnetgrent_r.c,__internal_getnetgrent_r,mem-reg
getnetgrent_r.c,innetgr,mem-reg
getnetgrent_r.c,innetgr,mem-reg
getnetgrent_r.c,innetgr,mem-reg
getnetbynm_r.c,__getnetbyname_r,mem-reg
getnetbyad_r.c,__getnetbyaddr_r,mem-reg
getproto_r.c,__getprotobynumber_r,mem-reg
getprtname_r.c,__getprotobyname_r,mem-reg
getrpcbyname_r.c,__getrpcbyname_r,mem-reg
getpwnam_r.c,__getpwnam_r,mem-reg
getpwuid_r.c,__getpwuid_r,mem-reg
getrpcbynumber_r.c,__getrpcbynumber_r,mem-reg
getsrvbynm_r.c,__getservbyname_r,mem-reg
getsrvbypt_r.c,__getservbyport_r,mem-reg
getspnam_r.c,__getspnam_r,mem-reg
nss_files/files-init.c,register_file,mem-reg
clnt_perr.c,clnt_sperror,mem-reg
auth_des.c,authdes_marshal,mem-reg
auth_des.c,authdes_marshal,mem-reg
auth_des.c,authdes_marshal,mem-reg
auth_des.c,authdes_marshal,mem-reg
auth_des.c,authdes_marshal,mem-reg
auth_des.c,authdes_marshal,mem-reg
auth_unix.c,authunix_marshal,mem-reg
auth_unix.c,marshal_new_auth,mem-reg
auth_unix.c,marshal_new_auth,mem-reg
auth_unix.c,authunix_refresh,mem-reg
auth_unix.c,authunix_refresh,mem-reg
auth_unix.c,authunix_create,mem-reg
clnt_udp.c,clntudp_freeres,mem-reg
pm_getport.c,__libc_rpc_getport,mem-reg
pm_getport.c,__libc_rpc_getport,mem-reg
pm_getport.c,__libc_rpc_getport,mem-reg
clnt_udp.c,clntudp_destroy,mem-reg
key_call.c,getkeyserv_handle,mem-reg
key_call.c,getkeyserv_handle,mem-reg
key_call.c,getkeyserv_handle,mem-reg
key_call.c,getkeyserv_handle,mem-reg
key_call.c,getkeyserv_handle,mem-reg
key_call.c,getkeyserv_handle,mem-reg
key_call.c,getkeyserv_handle,mem-reg
key_call.c,getkeyserv_handle,mem-reg
key_call.c,getkeyserv_handle,mem-reg
key_call.c,getkeyserv_handle,mem-reg
key_call.c,getkeyserv_handle,mem-reg
clnt_udp.c,clntudp_call,mem-reg
clnt_udp.c,clntudp_call,mem-reg
clnt_udp.c,clntudp_call,mem-reg
clnt_udp.c,clntudp_call,mem-reg
clnt_udp.c,clntudp_call,mem-reg
clnt_udp.c,clntudp_call,mem-reg
clnt_udp.c,clntudp_call,mem-reg
key_call.c,key_call_socket,mem-reg
netname.c,netname2user,mem-reg
key_call.c,key_call,mem-reg
key_call.c,key_call,mem-reg
key_call.c,key_call,mem-reg
clnt_tcp.c,clnttcp_freeres,mem-reg
clnt_tcp.c,clnttcp_destroy,mem-reg
clnt_tcp.c,clnttcp_call,mem-reg
clnt_tcp.c,clnttcp_call,mem-reg
clnt_tcp.c,clnttcp_call,mem-reg
clnt_tcp.c,clnttcp_call,mem-reg
clnt_tcp.c,clnttcp_call,mem-reg
clnt_tcp.c,clnttcp_call,mem-reg
clnt_tcp.c,clnttcp_call,mem-reg
key_call.c,key_gendes,mem-reg
key_call.c,key_gendes,mem-reg
clnt_udp.c,__libc_clntudp_bufcreate,mem-reg
key_call.c,__rpc_thread_key_cleanup,mem-reg
key_call.c,__rpc_thread_key_cleanup,mem-reg
clnt_tcp.c,clnttcp_create,mem-reg
clnt_tcp.c,clnttcp_create,mem-reg
svc.c,svc_sendreply,mem-reg
svc.c,svcerr_noproc,mem-reg
svc.c,svcerr_decode,mem-reg
svc.c,svcerr_systemerr,mem-reg
svc.c,svcerr_auth,mem-reg
svc.c,svcerr_noprog,mem-reg
svc.c,svcerr_progvers,mem-reg
xdr_array.c,xdr_array,mem-reg
svc.c,svc_getreq_common,mem-reg
svc.c,svc_getreq_common,mem-reg
svc.c,svc_getreq_common,mem-reg
svc.c,svc_getreq_common,mem-reg
xdr_array.c,xdr_vector,mem-reg
svc_udp.c,svcudp_getargs,mem-reg
svc_udp.c,svcudp_freeargs,mem-reg
xdr_intXX_t.c,xdr_int64_t,mem-reg
xdr_intXX_t.c,xdr_int64_t,mem-reg
xdr_intXX_t.c,xdr_int64_t,mem-reg
xdr_intXX_t.c,xdr_int64_t,mem-reg
xdr.c,xdr_free,mem-reg
svc_udp.c,svcudp_destroy,mem-reg
svc_udp.c,svcudp_reply,mem-reg
svc_udp.c,svcudp_reply,mem-reg
xdr_intXX_t.c,xdr_uint64_t,mem-reg
xdr_intXX_t.c,xdr_uint64_t,mem-reg
xdr_intXX_t.c,xdr_uint64_t,mem-reg
xdr_intXX_t.c,xdr_uint64_t,mem-reg
xdr.c,xdr_int,mem-reg
xdr.c,xdr_int,mem-reg
xdr.c,xdr_u_int,mem-reg
xdr.c,xdr_u_int,mem-reg
xdr_intXX_t.c,xdr_int32_t,mem-reg
xdr_intXX_t.c,xdr_int32_t,mem-reg
xdr.c,xdr_long,mem-reg
xdr.c,xdr_long,mem-reg
xdr_intXX_t.c,xdr_uint32_t,mem-reg
xdr_intXX_t.c,xdr_uint32_t,mem-reg
svc_udp.c,svcudp_recv,mem-reg
xdr.c,xdr_u_long,mem-reg
xdr.c,xdr_u_long,mem-reg
xdr_intXX_t.c,xdr_int16_t,mem-reg
xdr_intXX_t.c,xdr_int16_t,mem-reg
xdr.c,xdr_hyper,mem-reg
xdr.c,xdr_hyper,mem-reg
xdr.c,xdr_hyper,mem-reg
xdr.c,xdr_hyper,mem-reg
xdr_intXX_t.c,xdr_uint16_t,mem-reg
xdr_intXX_t.c,xdr_uint16_t,mem-reg
svc_tcp.c,svctcp_getargs,mem-reg
xdr_intXX_t.c,xdr_int8_t,mem-reg
xdr_intXX_t.c,xdr_int8_t,mem-reg
svc_tcp.c,svctcp_freeargs,mem-reg
xdr.c,xdr_u_hyper,mem-reg
xdr.c,xdr_u_hyper,mem-reg
xdr.c,xdr_u_hyper,mem-reg
xdr.c,xdr_u_hyper,mem-reg
svc_tcp.c,svctcp_destroy,mem-reg
xdr_intXX_t.c,xdr_uint8_t,mem-reg
xdr_intXX_t.c,xdr_uint8_t,mem-reg
xdr.c,xdr_short,mem-reg
xdr.c,xdr_short,mem-reg
xdr.c,xdr_u_short,mem-reg
xdr.c,xdr_u_short,mem-reg
xdr.c,xdr_bool,mem-reg
xdr.c,xdr_bool,mem-reg
xdr.c,xdr_enum,mem-reg
xdr.c,xdr_enum,mem-reg
xdr_ref.c,xdr_reference,mem-reg
xdr.c,xdr_opaque,mem-reg
xdr.c,xdr_opaque,mem-reg
xdr.c,xdr_opaque,mem-reg
xdr.c,xdr_opaque,mem-reg
xdr.c,xdr_union,mem-reg
xdr.c,xdr_union,mem-reg
xdr_sizeof.c,xdr_sizeof,mem-reg
auth_none.c,authnone_marshal,mem-reg
auth_none.c,authnone_create_once,mem-reg
auth_none.c,authnone_create_once,mem-reg
clnt_raw.c,clntraw_freeres,mem-reg
clnt_raw.c,clntraw_call,mem-reg
clnt_raw.c,clntraw_call,mem-reg
clnt_raw.c,clntraw_call,mem-reg
clnt_raw.c,clntraw_call,mem-reg
clnt_raw.c,clntraw_call,mem-reg
clnt_raw.c,clntraw_call,mem-reg
clnt_raw.c,clntraw_call,mem-reg
clnt_raw.c,clntraw_call,mem-reg
clnt_raw.c,clntraw_call,mem-reg
clnt_raw.c,clntraw_call,mem-reg
clnt_raw.c,clntraw_create,mem-reg
clnt_raw.c,clntraw_create,mem-reg
clnt_simp.c,callrpc,mem-reg
clnt_simp.c,callrpc,mem-reg
clnt_simp.c,__rpc_thread_clnt_cleanup,mem-reg
pmap_clnt.c,pmap_set,mem-reg
pmap_clnt.c,pmap_set,mem-reg
pmap_clnt.c,pmap_unset,mem-reg
pmap_clnt.c,pmap_unset,mem-reg
pm_getmaps.c,pmap_getmaps,mem-reg
pm_getmaps.c,pmap_getmaps,mem-reg
rpc_prot.c,xdr_accepted_reply,mem-reg
svc_authux.c,_svcauth_unix,mem-reg
svc_authux.c,_svcauth_unix,mem-reg
rpc_cmsg.c,xdr_callmsg,mem-reg
rpc_cmsg.c,xdr_callmsg,mem-reg
rpc_cmsg.c,xdr_callmsg,mem-reg
rpc_cmsg.c,xdr_callmsg,mem-reg
rpc_cmsg.c,xdr_callmsg,mem-reg
svc_auth.c,_authenticate,mem-reg
pmap_rmt.c,xdr_rmtcall_args,mem-reg
pmap_rmt.c,xdr_rmtcall_args,mem-reg
pmap_rmt.c,xdr_rmtcall_args,mem-reg
pmap_rmt.c,xdr_rmtcall_args,mem-reg
pmap_rmt.c,xdr_rmtcall_args,mem-reg
pmap_rmt.c,xdr_rmtcall_args,mem-reg
pmap_rmt.c,xdr_rmtcallres,mem-reg
pmap_rmt.c,pmap_rmtcall,mem-reg
pmap_rmt.c,pmap_rmtcall,mem-reg
xdr_float.c,xdr_float,mem-reg
xdr_float.c,xdr_float,mem-reg
pmap_rmt.c,clnt_broadcast,mem-reg
pmap_rmt.c,clnt_broadcast,mem-reg
pmap_rmt.c,clnt_broadcast,mem-reg
pmap_rmt.c,clnt_broadcast,mem-reg
pmap_rmt.c,clnt_broadcast,mem-reg
pmap_rmt.c,clnt_broadcast,mem-reg
xdr_float.c,xdr_double,mem-reg
xdr_float.c,xdr_double,mem-reg
xdr_float.c,xdr_double,mem-reg
xdr_float.c,xdr_double,mem-reg
svc_raw.c,svcraw_freeargs,mem-reg
svc_raw.c,svcraw_getargs,mem-reg
svc_raw.c,svcraw_reply,mem-reg
svc_raw.c,svcraw_reply,mem-reg
svc_raw.c,svcraw_recv,mem-reg
publickey.c,getpublickey,mem-reg
publickey.c,getsecretkey,mem-reg
svc_simple.c,universal,mem-reg
svc_simple.c,universal,mem-reg
svc_simple.c,universal,mem-reg
xdr_rec.c,fill_input_buf,mem-reg
xdr_rec.c,flush_out,mem-reg
svc_unix.c,svcunix_getargs,mem-reg
svc_unix.c,svcunix_freeargs,mem-reg
svc_unix.c,svcunix_destroy,mem-reg
auth_des.c,authdes_marshal,mem-reg
auth_des.c,authdes_marshal,mem-reg
auth_des.c,authdes_marshal,mem-reg
auth_des.c,authdes_marshal,mem-reg
auth_des.c,authdes_marshal,mem-reg
auth_des.c,authdes_marshal,mem-reg
clnt_unix.c,clntunix_freeres,mem-reg
clnt_unix.c,clntunix_destroy,mem-reg
clnt_unix.c,clntunix_call,mem-reg
clnt_unix.c,clntunix_call,mem-reg
clnt_unix.c,clntunix_call,mem-reg
clnt_unix.c,clntunix_call,mem-reg
clnt_unix.c,clntunix_call,mem-reg
clnt_unix.c,clntunix_call,mem-reg
clnt_unix.c,clntunix_call,mem-reg
auth_unix.c,authunix_marshal,mem-reg
auth_unix.c,marshal_new_auth,mem-reg
auth_unix.c,marshal_new_auth,mem-reg
auth_unix.c,authunix_refresh,mem-reg
auth_unix.c,authunix_refresh,mem-reg
auth_unix.c,authunix_create,mem-reg
clnt_unix.c,clntunix_create,mem-reg
clnt_unix.c,clntunix_create,mem-reg
clnt_perr.c,clnt_sperror,mem-reg
clnt_tcp.c,clnttcp_freeres,mem-reg
clnt_tcp.c,clnttcp_destroy,mem-reg
clnt_tcp.c,clnttcp_call,mem-reg
clnt_tcp.c,clnttcp_call,mem-reg
clnt_tcp.c,clnttcp_call,mem-reg
clnt_tcp.c,clnttcp_call,mem-reg
clnt_tcp.c,clnttcp_call,mem-reg
clnt_tcp.c,clnttcp_call,mem-reg
clnt_tcp.c,clnttcp_call,mem-reg
key_call.c,getkeyserv_handle,mem-reg
key_call.c,getkeyserv_handle,mem-reg
key_call.c,getkeyserv_handle,mem-reg
key_call.c,getkeyserv_handle,mem-reg
key_call.c,getkeyserv_handle,mem-reg
key_call.c,getkeyserv_handle,mem-reg
key_call.c,getkeyserv_handle,mem-reg
key_call.c,getkeyserv_handle,mem-reg
key_call.c,getkeyserv_handle,mem-reg
key_call.c,getkeyserv_handle,mem-reg
key_call.c,getkeyserv_handle,mem-reg
key_call.c,key_call_socket,mem-reg
key_call.c,key_call,mem-reg
key_call.c,key_call,mem-reg
key_call.c,key_call,mem-reg
clnt_udp.c,clntudp_freeres,mem-reg
clnt_tcp.c,clnttcp_create,mem-reg
clnt_tcp.c,clnttcp_create,mem-reg
clnt_udp.c,clntudp_destroy,mem-reg
pm_getport.c,__libc_rpc_getport,mem-reg
pm_getport.c,__libc_rpc_getport,mem-reg
pm_getport.c,__libc_rpc_getport,mem-reg
clnt_udp.c,clntudp_call,mem-reg
clnt_udp.c,clntudp_call,mem-reg
clnt_udp.c,clntudp_call,mem-reg
clnt_udp.c,clntudp_call,mem-reg
clnt_udp.c,clntudp_call,mem-reg
clnt_udp.c,clntudp_call,mem-reg
clnt_udp.c,clntudp_call,mem-reg
key_call.c,key_gendes,mem-reg
key_call.c,key_gendes,mem-reg
key_call.c,__rpc_thread_key_cleanup,mem-reg
key_call.c,__rpc_thread_key_cleanup,mem-reg
netname.c,netname2user,mem-reg
clnt_udp.c,__libc_clntudp_bufcreate,mem-reg
svc_udp.c,svcudp_getargs,mem-reg
svc_udp.c,svcudp_freeargs,mem-reg
svc_tcp.c,svctcp_getargs,mem-reg
svc_tcp.c,svctcp_freeargs,mem-reg
svc_tcp.c,svctcp_destroy,mem-reg
svc_udp.c,svcudp_destroy,mem-reg
svc_udp.c,svcudp_reply,mem-reg
svc_udp.c,svcudp_reply,mem-reg
svc.c,svc_sendreply,mem-reg
svc.c,svcerr_noproc,mem-reg
svc.c,svcerr_decode,mem-reg
svc.c,svcerr_systemerr,mem-reg
svc_udp.c,svcudp_recv,mem-reg
svc.c,svcerr_auth,mem-reg
svc.c,svcerr_noprog,mem-reg
svc.c,svcerr_progvers,mem-reg
svc.c,svc_getreq_common,mem-reg
svc.c,svc_getreq_common,mem-reg
svc.c,svc_getreq_common,mem-reg
svc.c,svc_getreq_common,mem-reg
xdr_array.c,xdr_array,mem-reg
xdr_array.c,xdr_vector,mem-reg
xdr_intXX_t.c,xdr_int64_t,mem-reg
xdr_intXX_t.c,xdr_int64_t,mem-reg
xdr_intXX_t.c,xdr_int64_t,mem-reg
xdr_intXX_t.c,xdr_int64_t,mem-reg
xdr_sizeof.c,xdr_sizeof,mem-reg
xdr_intXX_t.c,xdr_uint64_t,mem-reg
xdr_intXX_t.c,xdr_uint64_t,mem-reg
xdr_intXX_t.c,xdr_uint64_t,mem-reg
xdr_intXX_t.c,xdr_uint64_t,mem-reg
xdr_intXX_t.c,xdr_int32_t,mem-reg
xdr_intXX_t.c,xdr_int32_t,mem-reg
xdr_ref.c,xdr_reference,mem-reg
xdr.c,xdr_free,mem-reg
xdr_intXX_t.c,xdr_uint32_t,mem-reg
xdr_intXX_t.c,xdr_uint32_t,mem-reg
xdr_intXX_t.c,xdr_int16_t,mem-reg
xdr_intXX_t.c,xdr_int16_t,mem-reg
xdr.c,xdr_int,mem-reg
xdr.c,xdr_int,mem-reg
xdr_intXX_t.c,xdr_uint16_t,mem-reg
xdr_intXX_t.c,xdr_uint16_t,mem-reg
xdr.c,xdr_u_int,mem-reg
xdr.c,xdr_u_int,mem-reg
xdr_intXX_t.c,xdr_int8_t,mem-reg
xdr_intXX_t.c,xdr_int8_t,mem-reg
xdr.c,xdr_long,mem-reg
xdr.c,xdr_long,mem-reg
xdr_intXX_t.c,xdr_uint8_t,mem-reg
xdr_intXX_t.c,xdr_uint8_t,mem-reg
xdr.c,xdr_u_long,mem-reg
xdr.c,xdr_u_long,mem-reg
xdr.c,xdr_hyper,mem-reg
xdr.c,xdr_hyper,mem-reg
xdr.c,xdr_hyper,mem-reg
xdr.c,xdr_hyper,mem-reg
xdr.c,xdr_u_hyper,mem-reg
xdr.c,xdr_u_hyper,mem-reg
xdr.c,xdr_u_hyper,mem-reg
xdr.c,xdr_u_hyper,mem-reg
xdr.c,xdr_short,mem-reg
xdr.c,xdr_short,mem-reg
xdr.c,xdr_u_short,mem-reg
xdr.c,xdr_u_short,mem-reg
xdr.c,xdr_bool,mem-reg
xdr.c,xdr_bool,mem-reg
xdr.c,xdr_enum,mem-reg
xdr.c,xdr_enum,mem-reg
xdr.c,xdr_opaque,mem-reg
xdr.c,xdr_opaque,mem-reg
xdr.c,xdr_opaque,mem-reg
xdr.c,xdr_opaque,mem-reg
xdr.c,xdr_union,mem-reg
xdr.c,xdr_union,mem-reg
dl-catch.c,_dl_catch_exception,mem-reg
dl-catch.c,_dl_catch_exception,mem-reg
dl-call-libc-early-init.c,_dl_call_libc_early_init,mem-reg
dl-call_fini.c,_dl_call_fini,mem-reg
dl-call_fini.c,_dl_call_fini,mem-reg
dl-init.c,call_init,mem-reg
dl-init.c,call_init,mem-reg
dl-init.c,_dl_init,mem-reg
dl-lookup.c,do_lookup_unique,mem-reg
dl-runtime.c,_dl_fixup,mem-reg
dl-reloc.c,_dl_relocate_object_no_relro,mem-reg
dl-reloc.c,_dl_relocate_object_no_relro,mem-reg
dl-reloc.c,_dl_relocate_object_no_relro,mem-reg
dl-reloc.c,_dl_relocate_object_no_relro,mem-reg
dl-reloc.c,_dl_relocate_object_no_relro,mem-reg
dl-reloc.c,_dl_relocate_object_no_relro,mem-reg
dl-reloc.c,_dl_relocate_object_no_relro,mem-reg
dl-reloc.c,_dl_relocate_object_no_relro,mem-reg
dl-reloc.c,_dl_relocate_object_no_relro,mem-reg
dl-reloc.c,_dl_relocate_object_no_relro,mem-reg
dl-reloc.c,_dl_relocate_object_no_relro,mem-reg
dl-reloc.c,_dl_relocate_object_no_relro,mem-reg
dl-reloc.c,_dl_relocate_object_no_relro,mem-reg
dl-tunables.c,__tunable_get_val,mem-reg
dl-iteratephdr.c,__dl_iterate_phdr,mem-reg
dl-reloc-static-pie.c,_dl_relocate_static_pie,mem-reg
dl-reloc-static-pie.c,_dl_relocate_static_pie,mem-reg
dl-reloc-static-pie.c,_dl_relocate_static_pie,mem-reg
dl-reloc-static-pie.c,_dl_relocate_static_pie,mem-reg
dl-reloc-static-pie.c,_dl_relocate_static_pie,mem-reg
dl-reloc-static-pie.c,_dl_relocate_static_pie,mem-reg
dl-reloc-static-pie.c,_dl_relocate_static_pie,mem-reg
dl-reloc-static-pie.c,_dl_relocate_static_pie,mem-reg
dl-sym.c,_dl_sym_post,mem-reg
dl-iteratephdr.c,__dl_iterate_phdr,mem-reg
dl-iteratephdr.c,__dl_iterate_phdr,mem-reg
libc-dl-profstub.c,_dl_mcount_wrapper,mem-reg
libc-dl-profstub.c,_dl_mcount_wrapper_check,mem-reg
dl-libc.c,dlerror_run,mem-reg
dl-libc.c,dlerror_run,mem-reg
dl-libc.c,do_dlopen,mem-reg
dl-libc.c,do_dlsym,mem-reg
dl-libc.c,do_dlvsym,mem-reg
dl-libc.c,do_dlclose,mem-reg
dl-libc.c,__libc_dlopen_mode,mem-reg
dl-libc.c,__libc_dlsym,mem-reg
dl-libc.c,__libc_dlvsym,mem-reg
dl-libc.c,__libc_dlclose,mem-reg
libc-dl_find_object.c,_dl_find_object,mem-reg
dl-sym.c,call_dl_lookup,mem-reg
dl-sym.c,_dl_sym_post,mem-reg
dl-sym.c,do_sym,mem-reg
dl-sym.c,do_sym,mem-reg
dl-sym.c,do_sym,mem-reg
dl-call-libc-early-init.c,_dl_call_libc_early_init,mem-reg
dl-call_fini.c,_dl_call_fini,mem-reg
dl-call_fini.c,_dl_call_fini,mem-reg
dl-catch.c,_dl_signal_cexception,mem-reg
dl-catch.c,_dl_signal_cerror,mem-reg
dl-catch.c,_dl_receive_error,mem-reg
dl-catch.c,_dl_catch_exception,mem-reg
dl-catch.c,_dl_catch_exception,mem-reg
dl-close.c,_dl_close_worker,mem-reg
dl-close.c,_dl_close_worker,mem-reg
dl-close.c,_dl_close_worker,mem-reg
dl-close.c,_dl_close_worker,mem-reg
dl-close.c,_dl_close_worker,mem-reg
dl-close.c,_dl_close_worker,mem-reg
dl-close.c,_dl_close_worker,mem-reg
dl-close.c,_dl_close_worker,mem-reg
dl-close.c,_dl_close_worker,mem-reg
dl-close.c,_dl_close_worker,mem-reg
dl-close.c,_dl_close_worker,mem-reg
dl-close.c,_dl_close_worker,mem-reg
dl-close.c,_dl_close_worker,mem-reg
dl-close.c,_dl_close_worker,mem-reg
dl-close.c,_dl_close_worker,mem-reg
dl-close.c,_dl_close_worker,mem-reg
dl-close.c,_dl_close_worker,mem-reg
dl-close.c,_dl_close_worker,mem-reg
dl-close.c,_dl_close_worker,mem-reg
dl-exception.c,_dl_error_free,mem-reg
dl-exception.c,_dl_exception_create,mem-reg
dl-init.c,call_init,mem-reg
dl-init.c,call_init,mem-reg
dl-fini.c,_dl_fini,mem-reg
dl-fini.c,_dl_fini,mem-reg
dl-fini.c,_dl_fini,mem-reg
dl-init.c,_dl_init,mem-reg
dl-exception.c,_dl_exception_create_format,mem-reg
dl-deps.c,_dl_map_object_deps,mem-reg
dl-deps.c,_dl_map_object_deps,mem-reg
dl-deps.c,_dl_map_object_deps,mem-reg
dl-deps.c,_dl_map_object_deps,mem-reg
dl-deps.c,_dl_map_object_deps,mem-reg
dl-exception.c,_dl_exception_free,mem-reg
dl-close.c,_dl_close,mem-reg
dl-close.c,_dl_close,mem-reg
dl-close.c,_dl_close,mem-reg
dl-close.c,_dl_close,mem-reg
dl-lookup.c,do_lookup_unique,mem-reg
dl-lookup.c,do_lookup_unique,mem-reg
dl-lookup.c,do_lookup_unique,mem-reg
dl-lookup.c,do_lookup_unique,mem-reg
dl-lookup.c,do_lookup_unique,mem-reg
dl-lookup.c,do_lookup_unique,mem-reg
dl-lookup.c,do_lookup_unique,mem-reg
dl-load.c,add_name_to_object,mem-reg
dl-minimal-malloc.c,__minimal_calloc,mem-reg
dl-minimal-malloc.c,__minimal_realloc,mem-reg
dl-minimal-malloc.c,__minimal_realloc,mem-reg
dl-lookup.c,add_dependency,mem-reg
dl-lookup.c,add_dependency,mem-reg
dl-lookup.c,add_dependency,mem-reg
dl-lookup.c,add_dependency,mem-reg
dl-load.c,open_verify,mem-reg
dl-object.c,_dl_add_to_namespace_list,mem-reg
dl-object.c,_dl_add_to_namespace_list,mem-reg
dl-object.c,_dl_new_object,mem-reg
dl-object.c,_dl_new_object,mem-reg
dl-object.c,_dl_new_object,mem-reg
dl-object.c,_dl_new_object,mem-reg
dl-load.c,open_path,mem-reg
dl-load.c,open_path,mem-reg
../sysdeps/unix/sysv/linux/dl-origin.c,_dl_get_origin,mem-reg
../sysdeps/unix/sysv/linux/dl-origin.c,_dl_get_origin,mem-reg
dl-load.c,expand_dynamic_string_token,mem-reg
dl-load.c,fillin_rpath,mem-reg
dl-load.c,fillin_rpath,mem-reg
dl-load.c,fillin_rpath,mem-reg
dl-load.c,decompose_rpath,mem-reg
dl-load.c,decompose_rpath,mem-reg
dl-load.c,decompose_rpath,mem-reg
dl-load.c,decompose_rpath,mem-reg
dl-load.c,_dl_init_paths,mem-reg
dl-load.c,_dl_init_paths,mem-reg
dl-load.c,_dl_init_paths,mem-reg
dl-load.c,_dl_init_paths,mem-reg
dl-open.c,dl_open_worker,mem-reg
dl-open.c,dl_open_worker,mem-reg
dl-open.c,resize_scopes,mem-reg
dl-open.c,add_to_global_resize,mem-reg
dl-open.c,add_to_global_resize,mem-reg
dl-load.c,_dl_map_object_from_fd,mem-reg
dl-load.c,_dl_map_object_from_fd,mem-reg
dl-load.c,_dl_map_object_from_fd,mem-reg
dl-load.c,_dl_map_object_from_fd,mem-reg
dl-load.c,_dl_map_object_from_fd,mem-reg
dl-load.c,_dl_map_object_from_fd,mem-reg
dl-load.c,_dl_map_object_from_fd,mem-reg
dl-load.c,_dl_map_object_from_fd,mem-reg
dl-open.c,_dl_open,mem-reg
dl-open.c,_dl_open,mem-reg
dl-open.c,_dl_open,mem-reg
dl-open.c,_dl_open,mem-reg
dl-runtime.c,_dl_fixup,mem-reg
dl-runtime.c,_dl_profile_fixup,mem-reg
dl-runtime.c,_dl_profile_fixup,mem-reg
dl-scope.c,_dl_scope_free,mem-reg
dl-scope.c,_dl_scope_free,mem-reg
dl-scope.c,_dl_scope_free,mem-reg
dl-scope.c,_dl_scope_free,mem-reg
dl-reloc.c,_dl_relocate_object_no_relro,mem-reg
dl-reloc.c,_dl_relocate_object_no_relro,mem-reg
dl-reloc.c,_dl_relocate_object_no_relro,mem-reg
dl-reloc.c,_dl_relocate_object_no_relro,mem-reg
dl-reloc.c,_dl_relocate_object_no_relro,mem-reg
dl-reloc.c,_dl_relocate_object_no_relro,mem-reg
dl-reloc.c,_dl_relocate_object_no_relro,mem-reg
dl-reloc.c,_dl_relocate_object_no_relro,mem-reg
dl-reloc.c,_dl_relocate_object_no_relro,mem-reg
dl-reloc.c,_dl_relocate_object_no_relro,mem-reg
dl-reloc.c,_dl_relocate_object_no_relro,mem-reg
dl-reloc.c,_dl_relocate_object_no_relro,mem-reg
dl-reloc.c,_dl_relocate_object_no_relro,mem-reg
dl-reloc.c,_dl_relocate_object_no_relro,mem-reg
dl-load.c,_dl_map_object,mem-reg
dl-load.c,_dl_map_object,mem-reg
dl-load.c,_dl_map_object,mem-reg
dl-load.c,_dl_map_object,mem-reg
../sysdeps/x86_64/dl-tls.c,allocate_dtv_entry,mem-reg
../sysdeps/x86_64/dl-tls.c,allocate_dtv_entry,mem-reg
../sysdeps/x86_64/dl-tls.c,allocate_dtv,mem-reg
../sysdeps/x86_64/dl-tls.c,tls_get_addr_tail,mem-reg
../sysdeps/x86_64/dl-tls.c,tls_get_addr_tail,mem-reg
../sysdeps/x86_64/dl-tls.c,tls_get_addr_tail,mem-reg
../sysdeps/x86_64/dl-tls.c,tls_get_addr_tail,mem-reg
../sysdeps/x86_64/dl-tls.c,_dl_resize_dtv,mem-reg
../sysdeps/x86_64/dl-tls.c,_dl_resize_dtv,mem-reg
../sysdeps/x86_64/dl-tls.c,_dl_allocate_tls_storage,mem-reg
../sysdeps/x86_64/dl-tls.c,_dl_allocate_tls_storage,mem-reg
../sysdeps/x86_64/dl-tls.c,_dl_allocate_tls_init,mem-reg
../sysdeps/x86_64/dl-tls.c,_dl_allocate_tls_init,mem-reg
../sysdeps/x86_64/dl-tls.c,_dl_deallocate_tls,mem-reg
../sysdeps/x86_64/dl-tls.c,_dl_deallocate_tls,mem-reg
../sysdeps/x86_64/dl-tls.c,_dl_deallocate_tls,mem-reg
dl-version.c,_dl_check_map_versions,mem-reg
../sysdeps/x86_64/dl-tls.c,_dl_update_slotinfo,mem-reg
../sysdeps/x86_64/dl-tls.c,_dl_add_to_slotinfo,mem-reg
dl-tunables.c,__tunable_get_val,mem-reg
dl-cache.c,glibc_hwcaps_priorities_free,mem-reg
../sysdeps/x86_64/tlsdesc.c,htab_delete,mem-reg
../sysdeps/x86_64/tlsdesc.c,htab_delete,mem-reg
../sysdeps/x86_64/tlsdesc.c,htab_delete,mem-reg
dl-cache.c,glibc_hwcaps_priorities_init,mem-reg
../sysdeps/x86_64/tlsdesc.c,htab_create,mem-reg
../sysdeps/x86_64/tlsdesc.c,htab_create,mem-reg
../sysdeps/x86_64/tlsdesc.c,htab_create,mem-reg
../sysdeps/x86_64/tlsdesc.c,htab_expand,mem-reg
../sysdeps/x86_64/tlsdesc.c,htab_expand,mem-reg
../sysdeps/x86_64/tlsdesc.c,htab_expand,mem-reg
../sysdeps/x86_64/tlsdesc.c,htab_find_slot,mem-reg
../sysdeps/x86_64/tlsdesc.c,htab_find_slot,mem-reg
../sysdeps/x86_64/tlsdesc.c,htab_find_slot,mem-reg
../sysdeps/x86_64/tlsdesc.c,_dl_make_tlsdesc_dynamic,mem-reg
dl-audit.c,_dl_audit_activity_map,mem-reg
dl-audit.c,_dl_audit_objsearch,mem-reg
dl-audit.c,_dl_audit_objopen,mem-reg
dl-audit.c,_dl_audit_objclose,mem-reg
dl-audit.c,_dl_audit_preinit,mem-reg
dl-audit.c,_dl_audit_symbind_alt,mem-reg
dl-audit.c,_dl_audit_symbind,mem-reg
dl-audit.c,_dl_audit_pltenter,mem-reg
dl-audit.c,_dl_audit_pltexit,mem-reg
dl-hwcaps.c,compute_priorities,mem-reg
dl-hwcaps.c,_dl_important_hwcaps,mem-reg
dl-minimal.c,_dl_sym_post,mem-reg
dl-profile.c,_dl_start_profile,mem-reg
../sysdeps/unix/sysv/linux/dl-getcwd.c,__getcwd_generic,mem-reg
../sysdeps/unix/sysv/linux/dl-getcwd.c,__getcwd_generic,mem-reg
../sysdeps/unix/sysv/linux/dl-getcwd.c,__getcwd_generic,mem-reg
../sysdeps/unix/sysv/linux/dl-getcwd.c,__getcwd_generic,mem-reg
../sysdeps/unix/sysv/linux/dl-opendir.c,__alloc_dir,mem-reg
../sysdeps/unix/sysv/linux/x86/dl-sysdep.c,_dl_sysdep_start,mem-reg
rtld.c,dl_vdso_vsym,mem-reg
rtld.c,report_audit_module_load_error,mem-reg
rtld.c,load_audit_module,mem-reg
rtld.c,load_audit_module,mem-reg
rtld.c,init_tls,mem-reg
rtld.c,_dl_start,mem-reg
scratch_buffer_set_array_size.c,__libc_scratch_buffer_set_array_size,mem-reg
scratch_buffer_set_array_size.c,__libc_scratch_buffer_set_array_size,mem-reg
scratch_buffer_set_array_size.c,__libc_scratch_buffer_set_array_size,mem-reg
../sysdeps/unix/sysv/linux/closedir.c,__closedir,mem-reg
strdup.c,__strdup,mem-reg
dl-find_object.c,_dlfo_mappings_segment_allocate_unpadded,mem-reg
dl-find_object.c,_dlfo_mappings_segment_allocate,mem-reg
dl-find_object.c,_dl_find_object_init,mem-reg
dl-find_object.c,_dl_find_object_update,mem-reg
dl-find_object.c,_dl_find_object_update,mem-reg
dl-find_object.c,_dl_find_object_freeres,mem-reg
../locale/programs/linereader.c,get_symname,mem-reg
../locale/programs/linereader.c,get_ident,mem-reg
programs/linereader.c,get_symname,mem-reg
programs/linereader.c,get_ident,mem-reg
programs/ld-collate.c,wchead_table_iterate,mem-reg
programs/locfile.c,check_all_categories,mem-reg
programs/locfile.c,write_all_categories,mem-reg
iso8859-2.c,gconv,mem-reg
iso8859-2.c,gconv,mem-reg
iso8859-7.c,gconv,mem-reg
iso8859-7.c,gconv,mem-reg
iso8859-1.c,gconv,mem-reg
iso8859-1.c,gconv,mem-reg
iso8859-3.c,gconv,mem-reg
iso8859-3.c,gconv,mem-reg
iso8859-4.c,gconv,mem-reg
iso8859-4.c,gconv,mem-reg
iso8859-9.c,gconv,mem-reg
iso8859-9.c,gconv,mem-reg
iso8859-6.c,gconv,mem-reg
iso8859-5.c,gconv,mem-reg
iso8859-6.c,gconv,mem-reg
iso8859-8.c,gconv,mem-reg
iso8859-5.c,gconv,mem-reg
iso8859-8.c,gconv,mem-reg
iso8859-10.c,gconv,mem-reg
iso8859-10.c,gconv,mem-reg
iso8859-11.c,gconv,mem-reg
iso8859-11.c,gconv,mem-reg
iso8859-14.c,gconv,mem-reg
iso8859-14.c,gconv,mem-reg
iso8859-13.c,gconv,mem-reg
iso8859-13.c,gconv,mem-reg
iso_6937.c,gconv,mem-reg
iso_6937.c,gconv,mem-reg
iso8859-15.c,gconv,mem-reg
iso8859-15.c,gconv,mem-reg
iso8859-16.c,gconv,mem-reg
iso8859-16.c,gconv,mem-reg
koi-8.c,gconv,mem-reg
koi-8.c,gconv,mem-reg
hp-roman8.c,gconv,mem-reg
hp-roman8.c,gconv,mem-reg
t.61.c,gconv,mem-reg
t.61.c,gconv,mem-reg
sjis.c,gconv,mem-reg
sjis.c,gconv,mem-reg
hp-roman9.c,gconv,mem-reg
hp-roman9.c,gconv,mem-reg
ebcdic-at-de-a.c,gconv,mem-reg
ebcdic-at-de-a.c,gconv,mem-reg
ebcdic-at-de.c,gconv,mem-reg
ebcdic-at-de.c,gconv,mem-reg
ebcdic-ca-fr.c,gconv,mem-reg
ebcdic-ca-fr.c,gconv,mem-reg
euc-kr.c,gconv,mem-reg
euc-kr.c,gconv,mem-reg
johab.c,gconv,mem-reg
johab.c,gconv,mem-reg
uhc.c,gconv,mem-reg
uhc.c,gconv,mem-reg
euc-jp.c,gconv,mem-reg
euc-jp.c,gconv,mem-reg
euc-cn.c,gconv,mem-reg
euc-cn.c,gconv,mem-reg
big5.c,gconv,mem-reg
big5.c,gconv,mem-reg
ebcdic-dk-no.c,gconv,mem-reg
ebcdic-dk-no.c,gconv,mem-reg
euc-tw.c,gconv,mem-reg
euc-tw.c,gconv,mem-reg
ebcdic-dk-no-a.c,gconv,mem-reg
ebcdic-dk-no-a.c,gconv,mem-reg
iso646.c,gconv,mem-reg
iso646.c,gconv,mem-reg
ebcdic-es.c,gconv,mem-reg
ebcdic-es.c,gconv,mem-reg
ebcdic-es-a.c,gconv,mem-reg
ebcdic-es-a.c,gconv,mem-reg
ebcdic-fi-se.c,gconv,mem-reg
ebcdic-fi-se.c,gconv,mem-reg
ebcdic-es-s.c,gconv,mem-reg
ebcdic-es-s.c,gconv,mem-reg
ebcdic-fi-se-a.c,gconv,mem-reg
ebcdic-fi-se-a.c,gconv,mem-reg
ebcdic-fr.c,gconv,mem-reg
ebcdic-fr.c,gconv,mem-reg
ebcdic-is-friss.c,gconv,mem-reg
ebcdic-is-friss.c,gconv,mem-reg
ebcdic-it.c,gconv,mem-reg
ebcdic-it.c,gconv,mem-reg
ebcdic-uk.c,gconv,mem-reg
ebcdic-uk.c,gconv,mem-reg
ebcdic-pt.c,gconv,mem-reg
ebcdic-pt.c,gconv,mem-reg
ebcdic-us.c,gconv,mem-reg
ebcdic-us.c,gconv,mem-reg
ibm037.c,gconv,mem-reg
ibm037.c,gconv,mem-reg
ibm038.c,gconv,mem-reg
ibm038.c,gconv,mem-reg
ibm274.c,gconv,mem-reg
ibm274.c,gconv,mem-reg
ibm275.c,gconv,mem-reg
ibm275.c,gconv,mem-reg
ibm423.c,gconv,mem-reg
ibm423.c,gconv,mem-reg
ibm500.c,gconv,mem-reg
ibm500.c,gconv,mem-reg
ibm870.c,gconv,mem-reg
ibm870.c,gconv,mem-reg
ibm871.c,gconv,mem-reg
ibm871.c,gconv,mem-reg
ibm891.c,gconv,mem-reg
ibm891.c,gconv,mem-reg
ibm903.c,gconv,mem-reg
ibm903.c,gconv,mem-reg
ibm904.c,gconv,mem-reg
ibm904.c,gconv,mem-reg
cp737.c,gconv,mem-reg
cp737.c,gconv,mem-reg
ibm905.c,gconv,mem-reg
ibm1047.c,gconv,mem-reg
ibm905.c,gconv,mem-reg
ibm1047.c,gconv,mem-reg
ibm874.c,gconv,mem-reg
ibm874.c,gconv,mem-reg
cp775.c,gconv,mem-reg
cp775.c,gconv,mem-reg
hp-thai8.c,gconv,mem-reg
hp-thai8.c,gconv,mem-reg
hp-turkish8.c,gconv,mem-reg
hp-turkish8.c,gconv,mem-reg
iso-2022-kr.c,gconv,mem-reg
iso-2022-kr.c,gconv,mem-reg
iso-2022-kr.c,gconv,mem-reg
iso-2022-kr.c,gconv,mem-reg
latin-greek.c,gconv,mem-reg
latin-greek.c,gconv,mem-reg
hp-greek8.c,gconv,mem-reg
hp-greek8.c,gconv,mem-reg
koi8-r.c,gconv,mem-reg
koi8-r.c,gconv,mem-reg
latin-greek-1.c,gconv,mem-reg
latin-greek-1.c,gconv,mem-reg
ibm256.c,gconv,mem-reg
ibm256.c,gconv,mem-reg
ibm273.c,gconv,mem-reg
ibm273.c,gconv,mem-reg
ibm277.c,gconv,mem-reg
ibm277.c,gconv,mem-reg
ibm278.c,gconv,mem-reg
ibm278.c,gconv,mem-reg
ibm280.c,gconv,mem-reg
ibm280.c,gconv,mem-reg
ibm281.c,gconv,mem-reg
ibm281.c,gconv,mem-reg
ibm284.c,gconv,mem-reg
ibm284.c,gconv,mem-reg
ibm297.c,gconv,mem-reg
ibm297.c,gconv,mem-reg
ibm290.c,gconv,mem-reg
ibm290.c,gconv,mem-reg
ibm285.c,gconv,mem-reg
ibm285.c,gconv,mem-reg
ibm420.c,gconv,mem-reg
ibm420.c,gconv,mem-reg
ibm424.c,gconv,mem-reg
ibm424.c,gconv,mem-reg
ibm437.c,gconv,mem-reg
ibm437.c,gconv,mem-reg
ibm850.c,gconv,mem-reg
ibm850.c,gconv,mem-reg
ibm852.c,gconv,mem-reg
ibm852.c,gconv,mem-reg
ibm858.c,gconv,mem-reg
ibm858.c,gconv,mem-reg
ibm851.c,gconv,mem-reg
ibm851.c,gconv,mem-reg
ibm855.c,gconv,mem-reg
ibm855.c,gconv,mem-reg
ibm857.c,gconv,mem-reg
ibm857.c,gconv,mem-reg
ibm860.c,gconv,mem-reg
ibm860.c,gconv,mem-reg
ibm861.c,gconv,mem-reg
ibm861.c,gconv,mem-reg
ibm862.c,gconv,mem-reg
ibm862.c,gconv,mem-reg
ibm863.c,gconv,mem-reg
ibm863.c,gconv,mem-reg
ibm864.c,gconv,mem-reg
ibm864.c,gconv,mem-reg
ibm865.c,gconv,mem-reg
ibm865.c,gconv,mem-reg
ibm868.c,gconv,mem-reg
ibm868.c,gconv,mem-reg
ibm880.c,gconv,mem-reg
ibm880.c,gconv,mem-reg
ibm869.c,gconv,mem-reg
ibm869.c,gconv,mem-reg
ibm875.c,gconv,mem-reg
ibm875.c,gconv,mem-reg
ibm866.c,gconv,mem-reg
ibm866.c,gconv,mem-reg
ibm1124.c,gconv,mem-reg
ibm1124.c,gconv,mem-reg
cp1258.c,gconv,mem-reg
cp1258.c,gconv,mem-reg
cp1258.c,gconv,mem-reg
cp1258.c,gconv,mem-reg
ibm922.c,gconv,mem-reg
ibm922.c,gconv,mem-reg
ibm1129.c,gconv,mem-reg
ibm1129.c,gconv,mem-reg
ibm856.c,gconv,mem-reg
ibm856.c,gconv,mem-reg
ibm932.c,gconv,mem-reg
ibm932.c,gconv,mem-reg
ibm943.c,gconv,mem-reg
ibm943.c,gconv,mem-reg
ibm933.c,gconv,mem-reg
ibm933.c,gconv,mem-reg
ibm933.c,gconv,mem-reg
ibm933.c,gconv,mem-reg
ibm930.c,gconv,mem-reg
ibm930.c,gconv,mem-reg
ibm930.c,gconv,mem-reg
ibm930.c,gconv,mem-reg
ibm935.c,gconv,mem-reg
ibm935.c,gconv,mem-reg
ibm935.c,gconv,mem-reg
ibm935.c,gconv,mem-reg
ibm1046.c,gconv,mem-reg
ibm1046.c,gconv,mem-reg
ibm1132.c,gconv,mem-reg
ibm1132.c,gconv,mem-reg
ibm937.c,gconv,mem-reg
ibm937.c,gconv,mem-reg
ibm937.c,gconv,mem-reg
ibm937.c,gconv,mem-reg
ibm939.c,gconv,mem-reg
ibm939.c,gconv,mem-reg
ibm939.c,gconv,mem-reg
ibm939.c,gconv,mem-reg
ibm1133.c,gconv,mem-reg
ibm1133.c,gconv,mem-reg
ibm1160.c,gconv,mem-reg
ibm1160.c,gconv,mem-reg
ibm1161.c,gconv,mem-reg
ibm1161.c,gconv,mem-reg
ibm1164.c,gconv,mem-reg
ibm1164.c,gconv,mem-reg
ibm1162.c,gconv,mem-reg
ibm1162.c,gconv,mem-reg
ibm1163.c,gconv,mem-reg
ibm1163.c,gconv,mem-reg
ibm918.c,gconv,mem-reg
ibm918.c,gconv,mem-reg
ibm1004.c,gconv,mem-reg
ibm1004.c,gconv,mem-reg
ibm1026.c,gconv,mem-reg
ibm1026.c,gconv,mem-reg
cp1251.c,gconv,mem-reg
cp1251.c,gconv,mem-reg
cp1250.c,gconv,mem-reg
cp1250.c,gconv,mem-reg
cp1125.c,gconv,mem-reg
cp1125.c,gconv,mem-reg
cp1253.c,gconv,mem-reg
cp1253.c,gconv,mem-reg
cp1252.c,gconv,mem-reg
cp1252.c,gconv,mem-reg
cp1254.c,gconv,mem-reg
cp1254.c,gconv,mem-reg
cp1255.c,gconv,mem-reg
cp1255.c,gconv,mem-reg
cp1255.c,gconv,mem-reg
cp1255.c,gconv,mem-reg
cp1257.c,gconv,mem-reg
cp1257.c,gconv,mem-reg
cp1256.c,gconv,mem-reg
cp1256.c,gconv,mem-reg
macintosh.c,gconv,mem-reg
macintosh.c,gconv,mem-reg
asmo_449.c,gconv,mem-reg
asmo_449.c,gconv,mem-reg
iec_p27-1.c,gconv,mem-reg
iec_p27-1.c,gconv,mem-reg
csn_369103.c,gconv,mem-reg
csn_369103.c,gconv,mem-reg
cwi.c,gconv,mem-reg
cwi.c,gconv,mem-reg
ansi_x3.110.c,gconv,mem-reg
ansi_x3.110.c,gconv,mem-reg
iso-2022-jp.c,gconv,mem-reg
iso-2022-jp.c,gconv,mem-reg
iso-2022-jp.c,gconv,mem-reg
iso-2022-jp.c,gconv,mem-reg
dec-mcs.c,gconv,mem-reg
dec-mcs.c,gconv,mem-reg
ecma-cyrillic.c,gconv,mem-reg
ecma-cyrillic.c,gconv,mem-reg
gost_19768-74.c,gconv,mem-reg
greek-ccitt.c,gconv,mem-reg
gost_19768-74.c,gconv,mem-reg
greek-ccitt.c,gconv,mem-reg
greek7.c,gconv,mem-reg
greek7-old.c,gconv,mem-reg
greek7.c,gconv,mem-reg
greek7-old.c,gconv,mem-reg
inis.c,gconv,mem-reg
inis.c,gconv,mem-reg
inis-8.c,gconv,mem-reg
inis-8.c,gconv,mem-reg
iso_2033.c,gconv,mem-reg
iso_2033.c,gconv,mem-reg
inis-cyrillic.c,gconv,mem-reg
inis-cyrillic.c,gconv,mem-reg
iso_5427.c,gconv,mem-reg
iso_5427.c,gconv,mem-reg
iso_6937-2.c,gconv,mem-reg
iso_6937-2.c,gconv,mem-reg
iso_10367-box.c,gconv,mem-reg
iso_5427-ext.c,gconv,mem-reg
iso_10367-box.c,gconv,mem-reg
iso_5427-ext.c,gconv,mem-reg
iso_5428.c,gconv,mem-reg
iso_5428.c,gconv,mem-reg
mac-is.c,gconv,mem-reg
mac-is.c,gconv,mem-reg
mac-uk.c,gconv,mem-reg
mac-uk.c,gconv,mem-reg
nats-dano.c,gconv,mem-reg
nats-dano.c,gconv,mem-reg
nats-sefi.c,gconv,mem-reg
nats-sefi.c,gconv,mem-reg
sami-ws2.c,gconv,mem-reg
sami-ws2.c,gconv,mem-reg
iso-ir-197.c,gconv,mem-reg
tis-620.c,gconv,mem-reg
iso-ir-197.c,gconv,mem-reg
tis-620.c,gconv,mem-reg
koi8-u.c,gconv,mem-reg
koi8-u.c,gconv,mem-reg
gbgbk.c,gconv,mem-reg
gbgbk.c,gconv,mem-reg
isiri-3342.c,gconv,mem-reg
isiri-3342.c,gconv,mem-reg
utf-16.c,gconv,mem-reg
utf-16.c,gconv,mem-reg
gbk.c,gconv,mem-reg
gbk.c,gconv,mem-reg
utf-32.c,gconv,mem-reg
utf-32.c,gconv,mem-reg
unicode.c,gconv,mem-reg
unicode.c,gconv,mem-reg
iso-2022-cn.c,gconv,mem-reg
iso-2022-cn.c,gconv,mem-reg
iso-2022-cn.c,gconv,mem-reg
iso-2022-cn.c,gconv,mem-reg
utf-7.c,gconv,mem-reg
utf-7.c,gconv,mem-reg
utf-7.c,gconv,mem-reg
utf-7.c,gconv,mem-reg
viscii.c,gconv,mem-reg
viscii.c,gconv,mem-reg
iso-2022-cn-ext.c,gconv,mem-reg
iso-2022-cn-ext.c,gconv,mem-reg
iso-2022-cn-ext.c,gconv,mem-reg
iso-2022-cn-ext.c,gconv,mem-reg
cp10007.c,gconv,mem-reg
cp10007.c,gconv,mem-reg
big5hkscs.c,gconv,mem-reg
big5hkscs.c,gconv,mem-reg
big5hkscs.c,gconv,mem-reg
big5hkscs.c,gconv,mem-reg
koi8-t.c,gconv,mem-reg
koi8-t.c,gconv,mem-reg
gbbig5.c,gconv,mem-reg
gbbig5.c,gconv,mem-reg
georgian-ps.c,gconv,mem-reg
georgian-ps.c,gconv,mem-reg
georgian-academy.c,gconv,mem-reg
georgian-academy.c,gconv,mem-reg
gb18030.c,gconv,mem-reg
gb18030.c,gconv,mem-reg
iso-ir-209.c,gconv,mem-reg
iso-ir-209.c,gconv,mem-reg
tcvn5712-1.c,gconv,mem-reg
tcvn5712-1.c,gconv,mem-reg
tcvn5712-1.c,gconv,mem-reg
tcvn5712-1.c,gconv,mem-reg
mac-sami.c,gconv,mem-reg
mac-sami.c,gconv,mem-reg
armscii-8.c,gconv,mem-reg
armscii-8.c,gconv,mem-reg
euc-jisx0213.c,gconv,mem-reg
euc-jisx0213.c,gconv,mem-reg
euc-jisx0213.c,gconv,mem-reg
euc-jisx0213.c,gconv,mem-reg
shift_jisx0213.c,gconv,mem-reg
shift_jisx0213.c,gconv,mem-reg
shift_jisx0213.c,gconv,mem-reg
shift_jisx0213.c,gconv,mem-reg
iso-2022-jp-3.c,gconv,mem-reg
iso-2022-jp-3.c,gconv,mem-reg
iso-2022-jp-3.c,gconv,mem-reg
iso-2022-jp-3.c,gconv,mem-reg
ibm866nav.c,gconv,mem-reg
ibm866nav.c,gconv,mem-reg
pt154.c,gconv,mem-reg
pt154.c,gconv,mem-reg
tscii.c,gconv,mem-reg
tscii.c,gconv,mem-reg
tscii.c,gconv,mem-reg
tscii.c,gconv,mem-reg
rk1048.c,gconv,mem-reg
rk1048.c,gconv,mem-reg
cp932.c,gconv,mem-reg
cp932.c,gconv,mem-reg
euc-jp-ms.c,gconv,mem-reg
euc-jp-ms.c,gconv,mem-reg
ibm1025.c,gconv,mem-reg
ibm1025.c,gconv,mem-reg
ibm1122.c,gconv,mem-reg
ibm1122.c,gconv,mem-reg
ibm1137.c,gconv,mem-reg
ibm1153.c,gconv,mem-reg
ibm1137.c,gconv,mem-reg
ibm1153.c,gconv,mem-reg
ibm1154.c,gconv,mem-reg
ibm1154.c,gconv,mem-reg
ibm1157.c,gconv,mem-reg
ibm1157.c,gconv,mem-reg
ibm1155.c,gconv,mem-reg
ibm1155.c,gconv,mem-reg
ibm1156.c,gconv,mem-reg
ibm1156.c,gconv,mem-reg
ibm1158.c,gconv,mem-reg
ibm1158.c,gconv,mem-reg
ibm803.c,gconv,mem-reg
ibm803.c,gconv,mem-reg
ibm902.c,gconv,mem-reg
ibm902.c,gconv,mem-reg
ibm901.c,gconv,mem-reg
ibm901.c,gconv,mem-reg
ibm921.c,gconv,mem-reg
ibm921.c,gconv,mem-reg
ibm1008.c,gconv,mem-reg
ibm1008.c,gconv,mem-reg
ibm1008_420.c,gconv,mem-reg
ibm1008_420.c,gconv,mem-reg
ibm1097.c,gconv,mem-reg
ibm1097.c,gconv,mem-reg
ibm1123.c,gconv,mem-reg
ibm1123.c,gconv,mem-reg
ibm1112.c,gconv,mem-reg
ibm1112.c,gconv,mem-reg
ibm1141.c,gconv,mem-reg
ibm1141.c,gconv,mem-reg
ibm1130.c,gconv,mem-reg
ibm1130.c,gconv,mem-reg
ibm1140.c,gconv,mem-reg
ibm1140.c,gconv,mem-reg
ibm1143.c,gconv,mem-reg
ibm1143.c,gconv,mem-reg
ibm1142.c,gconv,mem-reg
ibm1142.c,gconv,mem-reg
ibm1145.c,gconv,mem-reg
ibm1145.c,gconv,mem-reg
ibm1144.c,gconv,mem-reg
ibm1144.c,gconv,mem-reg
ibm1149.c,gconv,mem-reg
ibm1149.c,gconv,mem-reg
ibm1147.c,gconv,mem-reg
ibm1147.c,gconv,mem-reg
ibm1148.c,gconv,mem-reg
ibm1146.c,gconv,mem-reg
ibm1148.c,gconv,mem-reg
ibm1146.c,gconv,mem-reg
ibm1166.c,gconv,mem-reg
ibm1166.c,gconv,mem-reg
ibm1167.c,gconv,mem-reg
ibm1167.c,gconv,mem-reg
ibm4517.c,gconv,mem-reg
ibm4517.c,gconv,mem-reg
ibm4899.c,gconv,mem-reg
ibm4899.c,gconv,mem-reg
ibm4909.c,gconv,mem-reg
ibm4909.c,gconv,mem-reg
ibm4971.c,gconv,mem-reg
ibm4971.c,gconv,mem-reg
ibm5347.c,gconv,mem-reg
ibm9030.c,gconv,mem-reg
ibm5347.c,gconv,mem-reg
ibm9030.c,gconv,mem-reg
ibm9448.c,gconv,mem-reg
ibm9448.c,gconv,mem-reg
ibm9066.c,gconv,mem-reg
ibm9066.c,gconv,mem-reg
ibm12712.c,gconv,mem-reg
ibm12712.c,gconv,mem-reg
ibm16804.c,gconv,mem-reg
ibm16804.c,gconv,mem-reg
iso_11548-1.c,gconv,mem-reg
iso_11548-1.c,gconv,mem-reg
brf.c,gconv,mem-reg
brf.c,gconv,mem-reg
mik.c,gconv,mem-reg
mik.c,gconv,mem-reg
ibm1371.c,gconv,mem-reg
ibm1371.c,gconv,mem-reg
ibm1371.c,gconv,mem-reg
ibm1371.c,gconv,mem-reg
ibm1364.c,gconv,mem-reg
ibm1364.c,gconv,mem-reg
ibm1364.c,gconv,mem-reg
ibm1364.c,gconv,mem-reg
ibm1390.c,gconv,mem-reg
ibm1390.c,gconv,mem-reg
ibm1390.c,gconv,mem-reg
ibm1390.c,gconv,mem-reg
mac-centraleurope.c,gconv,mem-reg
mac-centraleurope.c,gconv,mem-reg
koi8-ru.c,gconv,mem-reg
koi8-ru.c,gconv,mem-reg
ibm1388.c,gconv,mem-reg
ibm1388.c,gconv,mem-reg
ibm1388.c,gconv,mem-reg
ibm1388.c,gconv,mem-reg
iso8859-9e.c,gconv,mem-reg
iso8859-9e.c,gconv,mem-reg
ibm1399.c,gconv,mem-reg
ibm1399.c,gconv,mem-reg
ibm1399.c,gconv,mem-reg
ibm1399.c,gconv,mem-reg
cp770.c,gconv,mem-reg
cp770.c,gconv,mem-reg
cp771.c,gconv,mem-reg
cp771.c,gconv,mem-reg
cp772.c,gconv,mem-reg
cp772.c,gconv,mem-reg
cp774.c,gconv,mem-reg
cp773.c,gconv,mem-reg
cp773.c,gconv,mem-reg
cp774.c,gconv,mem-reg
../sysdeps/gnu/rt-unwind-resume.c,_Unwind_Resume,mem-reg
../sysdeps/gnu/rt-unwind-resume.c,__gcc_personality_v0,mem-reg
../sysdeps/gnu/rt-unwind-resume.c,_Unwind_ForcedUnwind,mem-reg
../sysdeps/gnu/rt-unwind-resume.c,_Unwind_GetCFA,mem-reg
memusage.c,me,unknown
memusage.c,me,unknown
memusage.c,update_data,unknown
memusage.c,update_data,unknown
memusage.c,update_data,unknown
memusage.c,update_data,unknown
memusage.c,update_data,unknown
memusage.c,init,unknown
memusage.c,malloc,mem-reg
memusage.c,malloc,mem-reg
memusage.c,realloc,mem-reg
memusage.c,realloc,mem-reg
memusage.c,realloc,mem-reg
memusage.c,realloc,mem-reg
memusage.c,calloc,mem-reg
memusage.c,calloc,mem-reg
memusage.c,free,mem-reg
memusage.c,free,mem-reg
memusage.c,free,mem-reg
memusage.c,mmap,mem-reg
memusage.c,mmap64,mem-reg
memusage.c,mremap,mem-reg
memusage.c,munmap,mem-reg
malloc-debug.c,checkhdr,mem-reg
malloc-debug.c,generic_hook_ini,mem-reg
malloc-debug.c,__debug_malloc,mem-reg
malloc-debug.c,_debug_mid_memalign,mem-reg
malloc-debug.c,__debug_free,mem-reg
malloc-debug.c,__debug_realloc,mem-reg
malloc-debug.c,__debug_calloc,mem-reg
malloc-debug.c,malloc_info,mem-reg
malloc-debug.c,mallopt,mem-reg
malloc-debug.c,malloc_stats,mem-reg
malloc-debug.c,mallinfo2,mem-reg
malloc-debug.c,mallinfo,mem-reg
malloc-debug.c,malloc_trim,mem-reg
delayed_exit.c,delayed_exit_thread,mem-reg
resolv_test.c,thread_callback_wrapper,mem-reg
resolv_test.c,server_thread_tcp_client,mem-reg
resolv_test.c,server_thread_udp_process_one,mem-reg
support_isolate_in_subprocess.c,support_isolate_in_subprocess,mem-reg
support_fuse.c,support_fuse_thread_wrapper,mem-reg
support_readdir.c,support_readdir,mem-reg
support_readdir.c,support_readdir,mem-reg
support_readdir.c,support_readdir_expect_error,mem-reg
support_readdir.c,support_readdir_expect_error,mem-reg
support_subprocess.c,support_subprocess,mem-reg
support_test_main.c,signal_handler,mem-reg
support_test_main.c,run_test_function,mem-reg
support_test_main.c,run_test_function,mem-reg
support_test_main.c,support_test_main,mem-reg
support_test_main.c,support_test_main,mem-reg
shell-container.c,run_command_array,mem-reg
td_ta_thr_iter.c,iterate_thread_list,mem-reg
td_ta_thr_iter.c,iterate_thread_list,mem-reg
td_ta_tsd_iter.c,td_ta_tsd_iter,mem-reg
compat-gethnamaddr.c,getanswer,mem-reg
compat-gethnamaddr.c,getanswer,mem-reg
compat-gethnamaddr.c,getanswer,mem-reg
nss_db/db-init.c,_nss_db_init,mem-reg
nss_db/db-init.c,_nss_db_init,mem-reg
nss_db/db-init.c,_nss_db_init,mem-reg
nss_compat/compat-grp.c,internal_setgrent,mem-reg
nss_compat/compat-grp.c,getgrnam_plusgroup,mem-reg
nss_compat/compat-grp.c,getgrent_next_nss,mem-reg
nss_compat/compat-pwd.c,internal_setpwent,mem-reg
nss_compat/compat-spwd.c,internal_setspent,mem-reg
getent.c,main,mem-reg
nss_compat/compat-initgroups.c,getgrent_next_nss,mem-reg
nss_compat/compat-initgroups.c,getgrent_next_nss,mem-reg
nss_compat/compat-initgroups.c,getgrent_next_nss,mem-reg
nss_compat/compat-initgroups.c,getgrent_next_nss,mem-reg
nss_compat/compat-initgroups.c,internal_getgrent_r,mem-reg
nss_compat/compat-initgroups.c,internal_getgrent_r,mem-reg
nss_compat/compat-grp.c,internal_getgrgid_r,mem-reg
nss_compat/compat-pwd.c,getpwent_next_nss_netgr,mem-reg
nss_compat/compat-spwd.c,getspent_next_nss_netgr,mem-reg
nss_compat/compat-pwd.c,getpwnam_plususer,mem-reg
nss_compat/compat-initgroups.c,internal_endgrent,mem-reg
nss_compat/compat-pwd.c,getpwent_next_nss,mem-reg
nss_compat/compat-spwd.c,getspnam_plususer,mem-reg
nss_compat/compat-pwd.c,getpwuid_plususer,mem-reg
nss_compat/compat-spwd.c,getspent_next_nss,mem-reg
nss_compat/compat-grp.c,_nss_compat_endgrent,mem-reg
nss_compat/compat-spwd.c,_nss_compat_endspent,mem-reg
nss_compat/compat-pwd.c,_nss_compat_endpwent,mem-reg
nis_file.c,read_nis_obj,mem-reg
nis_file.c,read_nis_obj,mem-reg
nis_file.c,read_nis_obj,mem-reg
nis_file.c,write_nis_obj,mem-reg
nis_file.c,write_nis_obj,mem-reg
yp_xdr.c,xdr_ypall,mem-reg
ypclnt.c,__yp_unbind,mem-reg
nis_call.c,nis_server_cache_search,mem-reg
nis_call.c,nis_server_cache_search,mem-reg
nis_call.c,first_shoot,mem-reg
ypclnt.c,__ypclnt_call,mem-reg
ypclnt.c,__xdr_ypresp_all,mem-reg
ypclnt.c,__xdr_ypresp_all,mem-reg
nis_call.c,rec_dirsearch,mem-reg
nis_call.c,rec_dirsearch,mem-reg
nis_call.c,nis_server_cache_add,mem-reg
nis_call.c,nis_server_cache_add,mem-reg
ypclnt.c,yp_bind_ypbindprog,mem-reg
ypclnt.c,yp_bind_ypbindprog,mem-reg
ypclnt.c,yp_bind_ypbindprog,mem-reg
ypclnt.c,yp_bind_ypbindprog,mem-reg
nis_call.c,__nisbind_destroy,mem-reg
nis_call.c,__nisbind_destroy,mem-reg
nis_call.c,__nisbind_next,mem-reg
nis_call.c,__nisbind_next,mem-reg
nis_call.c,__nisbind_connect,mem-reg
ypclnt.c,yp_all,mem-reg
ypclnt.c,yp_all,mem-reg
nis_call.c,__do_niscall3,mem-reg
nis_lookup.c,nis_lookup,mem-reg
ypclnt.c,yp_update,mem-reg
ypclnt.c,yp_update,mem-reg
ypclnt.c,yp_update,mem-reg
nis_table.c,get_tablepath,mem-reg
nis_table.c,nis_list,mem-reg
nis_clone_obj.c,nis_clone_object,mem-reg
nis_clone_obj.c,nis_clone_object,mem-reg
nis_clone_dir.c,nis_clone_directory,mem-reg
nis_clone_dir.c,nis_clone_directory,mem-reg
nis_clone_dir.c,nis_clone_directory,mem-reg
nis_clone_dir.c,nis_clone_directory,mem-reg
nis_findserv.c,__nis_findfastest_with_timeout,mem-reg
nis_findserv.c,__nis_findfastest_with_timeout,mem-reg
nis_findserv.c,__nis_findfastest_with_timeout,mem-reg
nis_findserv.c,__nis_findfastest_with_timeout,mem-reg
nis_findserv.c,__nis_findfastest_with_timeout,mem-reg
nis_callback.c,internal_nis_do_callback,mem-reg
nis_callback.c,cb_prog_1,mem-reg
nis_callback.c,cb_prog_1,mem-reg
nis_callback.c,cb_prog_1,mem-reg
nis_callback.c,cb_prog_1,mem-reg
nis_callback.c,cb_prog_1,mem-reg
nis_callback.c,__nis_create_callback,mem-reg
nis_callback.c,__nis_create_callback,mem-reg
nis_callback.c,__nis_create_callback,mem-reg
nis_callback.c,__nis_destroy_callback,mem-reg
nis_clone_res.c,nis_clone_result,mem-reg
nis_clone_res.c,nis_clone_result,mem-reg
nis_clone_res.c,nis_clone_result,mem-reg
nis_clone_res.c,nis_clone_result,mem-reg
getpwnam_r.c,__getpwnam_r,mem-reg
getgrgid_r.c,__getgrgid_r,mem-reg
getpwuid_r.c,__getpwuid_r,mem-reg
getgrnam_r.c,__getgrnam_r,mem-reg
gethstbyad_r.c,__gethostbyaddr2_r,mem-reg
gethstbynm3_r.c,__gethostbyname3_r,mem-reg
getsrvbynm_r.c,__getservbyname_r,mem-reg
getsrvbypt_r.c,__getservbyport_r,mem-reg
cache.c,prune_cache,mem-reg
initgrcache.c,compat_call,mem-reg
initgrcache.c,compat_call,mem-reg
initgrcache.c,compat_call,mem-reg
initgrcache.c,addinitgroupsX,mem-reg
aicache.c,addhstaiX,mem-reg
aicache.c,addhstaiX,mem-reg
aicache.c,addhstaiX,mem-reg
aicache.c,addhstaiX,mem-reg
netgroupcache.c,addgetnetgrentX,mem-reg
netgroupcache.c,addgetnetgrentX,mem-reg
netgroupcache.c,addgetnetgrentX,mem-reg
